Title,Title2
/campaigns/inside-venture-capital-2018-03-06-5385,/campaigns/inside-venture-capital-2018-03-06-5385
/campaigns/inside-venture-capital-2018-03-04-5361,/campaigns/inside-venture-capital-2018-03-04-5361
/campaigns/inside-venture-capital-2018-03-01-5336,/campaigns/inside-venture-capital-2018-03-01-5336
/campaigns/inside-venture-capital-2018-02-27-5299,/campaigns/inside-venture-capital-2018-02-27-5299
/campaigns/inside-venture-capital-2018-02-25-5271,/campaigns/inside-venture-capital-2018-02-25-5271
/campaigns/inside-venture-capital-2018-02-22-5237,/campaigns/inside-venture-capital-2018-02-22-5237
/campaigns/inside-venture-capital-2018-02-20-5198,/campaigns/inside-venture-capital-2018-02-20-5198
/campaigns/inside-venture-capital-2018-02-18-5176,/campaigns/inside-venture-capital-2018-02-18-5176
/campaigns/inside-venture-capital-2018-02-15-5144,/campaigns/inside-venture-capital-2018-02-15-5144
/campaigns/inside-venture-capital-2018-02-13-5106,/campaigns/inside-venture-capital-2018-02-13-5106
/campaigns/inside-venture-capital-2018-02-11-5083,/campaigns/inside-venture-capital-2018-02-11-5083
/campaigns/inside-venture-capital-2018-02-08-5054,/campaigns/inside-venture-capital-2018-02-08-5054
/campaigns/inside-venture-capital-2018-02-06-4985,/campaigns/inside-venture-capital-2018-02-06-4985
/campaigns/inside-venture-capital-2018-02-04-4960,/campaigns/inside-venture-capital-2018-02-04-4960
/campaigns/inside-venture-capital-2018-02-01-4933,/campaigns/inside-venture-capital-2018-02-01-4933
/campaigns/inside-venture-capital-2018-01-30-4897,/campaigns/inside-venture-capital-2018-01-30-4897
/campaigns/inside-venture-capital-2018-01-28-4863,/campaigns/inside-venture-capital-2018-01-28-4863
/campaigns/inside-venture-capital-2018-01-25-4839,/campaigns/inside-venture-capital-2018-01-25-4839
/campaigns/inside-venture-capital-2018-01-23-4797,/campaigns/inside-venture-capital-2018-01-23-4797
/campaigns/inside-venture-capital-2018-01-21-4774,/campaigns/inside-venture-capital-2018-01-21-4774
/campaigns/inside-venture-capital-2018-01-18-4737,/campaigns/inside-venture-capital-2018-01-18-4737
/campaigns/inside-venture-capital-2018-01-16-4705,/campaigns/inside-venture-capital-2018-01-16-4705
/campaigns/inside-venture-capital-2018-01-14-4683,/campaigns/inside-venture-capital-2018-01-14-4683
/campaigns/inside-venture-capital-2018-01-11-4649,/campaigns/inside-venture-capital-2018-01-11-4649
/campaigns/inside-venture-capital-2018-01-09-4617,/campaigns/inside-venture-capital-2018-01-09-4617
/campaigns/inside-venture-capital-2018-01-07-4589,/campaigns/inside-venture-capital-2018-01-07-4589
/campaigns/inside-venture-capital-2018-01-04-4559,/campaigns/inside-venture-capital-2018-01-04-4559
/campaigns/inside-venture-capital-2017-12-31-4518,/campaigns/inside-venture-capital-2017-12-31-4518
/campaigns/inside-venture-capital-2017-12-28-4509,/campaigns/inside-venture-capital-2017-12-28-4509
/campaigns/inside-venture-capital-2017-12-26-4502,/campaigns/inside-venture-capital-2017-12-26-4502
/campaigns/inside-venture-capital-2017-12-21-4473,/campaigns/inside-venture-capital-2017-12-21-4473
/campaigns/inside-venture-capital-2017-12-19-4427,/campaigns/inside-venture-capital-2017-12-19-4427
/campaigns/inside-venture-capital-2017-12-17-4399,/campaigns/inside-venture-capital-2017-12-17-4399
/campaigns/inside-venture-capital-2017-12-14-4370,/campaigns/inside-venture-capital-2017-12-14-4370
/campaigns/inside-venture-capital-2017-12-12-4328,/campaigns/inside-venture-capital-2017-12-12-4328
/campaigns/inside-venture-capital-2017-12-10-4302,/campaigns/inside-venture-capital-2017-12-10-4302
/campaigns/inside-venture-capital-2017-12-07-4277,/campaigns/inside-venture-capital-2017-12-07-4277
/campaigns/inside-venture-capital-2017-12-05-4232,/campaigns/inside-venture-capital-2017-12-05-4232
/campaigns/inside-venture-capital-2017-12-03-4208,/campaigns/inside-venture-capital-2017-12-03-4208
/campaigns/inside-venture-capital-2017-11-30-4180,/campaigns/inside-venture-capital-2017-11-30-4180
/campaigns/inside-venture-capital-2017-11-28-4144,/campaigns/inside-venture-capital-2017-11-28-4144
/campaigns/inside-venture-capital-2017-11-26-4120,/campaigns/inside-venture-capital-2017-11-26-4120
/campaigns/inside-venture-capital-2017-11-23-4111,/campaigns/inside-venture-capital-2017-11-23-4111
/campaigns/inside-venture-capital-2017-11-21-4084,/campaigns/inside-venture-capital-2017-11-21-4084
/campaigns/inside-venture-capital-2017-11-19-4059,/campaigns/inside-venture-capital-2017-11-19-4059
/campaigns/inside-venture-capital-2017-11-16-4037,/campaigns/inside-venture-capital-2017-11-16-4037
/campaigns/inside-venture-capital-2017-11-14-4002,/campaigns/inside-venture-capital-2017-11-14-4002
/campaigns/inside-venture-capital-2017-11-12-3975,/campaigns/inside-venture-capital-2017-11-12-3975
/campaigns/inside-venture-capital-2017-11-09-3949,/campaigns/inside-venture-capital-2017-11-09-3949
/campaigns/inside-venture-capital-2017-11-07-3915,/campaigns/inside-venture-capital-2017-11-07-3915
/campaigns/inside-venture-capital-2017-11-05-3886,/campaigns/inside-venture-capital-2017-11-05-3886
/campaigns/inside-venture-capital-2017-11-02-3863,/campaigns/inside-venture-capital-2017-11-02-3863
/campaigns/inside-venture-capital-2017-10-31-3824,/campaigns/inside-venture-capital-2017-10-31-3824
/campaigns/inside-venture-capital-2017-10-29-3802,/campaigns/inside-venture-capital-2017-10-29-3802
/campaigns/inside-venture-capital-2017-10-26-3774,/campaigns/inside-venture-capital-2017-10-26-3774
/campaigns/inside-venture-capital-2017-10-24-3739,/campaigns/inside-venture-capital-2017-10-24-3739
/campaigns/inside-venture-capital-2017-10-22-3714,/campaigns/inside-venture-capital-2017-10-22-3714
/campaigns/inside-venture-capital-2017-10-19-3688,/campaigns/inside-venture-capital-2017-10-19-3688
/campaigns/inside-venture-capital-2017-10-17-3651,/campaigns/inside-venture-capital-2017-10-17-3651
/campaigns/inside-venture-capital-2017-10-15-3628,/campaigns/inside-venture-capital-2017-10-15-3628
/campaigns/inside-venture-capital-2017-10-12-3602,/campaigns/inside-venture-capital-2017-10-12-3602
/campaigns/inside-venture-capital-2017-10-10-3570,/campaigns/inside-venture-capital-2017-10-10-3570
/campaigns/inside-venture-capital-2017-10-08-3550,/campaigns/inside-venture-capital-2017-10-08-3550
/campaigns/inside-venture-capital-2017-10-05-3526,/campaigns/inside-venture-capital-2017-10-05-3526
/campaigns/inside-venture-capital-2017-10-03-3501,/campaigns/inside-venture-capital-2017-10-03-3501
/campaigns/inside-venture-capital-2017-10-01-3473,/campaigns/inside-venture-capital-2017-10-01-3473
/campaigns/inside-venture-capital-2017-09-28-3449,/campaigns/inside-venture-capital-2017-09-28-3449
/campaigns/inside-venture-capital-2017-09-26-3415,/campaigns/inside-venture-capital-2017-09-26-3415
/campaigns/inside-venture-capital-2017-09-24-3395,/campaigns/inside-venture-capital-2017-09-24-3395
/campaigns/inside-venture-capital-2017-09-21-3372,/campaigns/inside-venture-capital-2017-09-21-3372
/campaigns/inside-venture-capital-2017-09-19-3334,/campaigns/inside-venture-capital-2017-09-19-3334
/campaigns/inside-venture-capital-2017-09-17-3311,/campaigns/inside-venture-capital-2017-09-17-3311
/campaigns/inside-venture-capital-2017-09-14-3287,/campaigns/inside-venture-capital-2017-09-14-3287
/campaigns/inside-venture-capital-2017-09-12-3255,/campaigns/inside-venture-capital-2017-09-12-3255
/campaigns/inside-venture-capital-2017-09-10-3228,/campaigns/inside-venture-capital-2017-09-10-3228
/campaigns/inside-venture-capital-2017-09-07-3202,/campaigns/inside-venture-capital-2017-09-07-3202
/campaigns/inside-venture-capital-2017-09-05-3164,/campaigns/inside-venture-capital-2017-09-05-3164
/campaigns/inside-venture-capital-2017-09-03-3151,/campaigns/inside-venture-capital-2017-09-03-3151
/campaigns/inside-venture-capital-2017-08-31-3123,/campaigns/inside-venture-capital-2017-08-31-3123
/campaigns/inside-venture-capital-2017-08-29-3095,/campaigns/inside-venture-capital-2017-08-29-3095
/campaigns/inside-venture-capital-2017-08-27-3076,/campaigns/inside-venture-capital-2017-08-27-3076
/campaigns/inside-venture-capital-2017-08-23-3016,/campaigns/inside-venture-capital-2017-08-23-3016
/campaigns/inside-venture-capital-2017-08-16-2948,/campaigns/inside-venture-capital-2017-08-16-2948
/campaigns/inside-venture-capital-2017-08-06-2825,/campaigns/inside-venture-capital-2017-08-06-2825
/campaigns/inside-venture-capital-2017-08-03-2800,/campaigns/inside-venture-capital-2017-08-03-2800
/campaigns/inside-venture-capital-2017-08-01-2767,/campaigns/inside-venture-capital-2017-08-01-2767
/campaigns/inside-venture-capital-2017-07-30-2741,/campaigns/inside-venture-capital-2017-07-30-2741
/campaigns/inside-venture-capital-2017-07-27-2721,/campaigns/inside-venture-capital-2017-07-27-2721
/campaigns/inside-venture-capital-2017-07-25-2686,/campaigns/inside-venture-capital-2017-07-25-2686
/campaigns/inside-venture-capital-2017-07-23-2664,/campaigns/inside-venture-capital-2017-07-23-2664
/campaigns/inside-venture-capital-2017-07-20-2642,/campaigns/inside-venture-capital-2017-07-20-2642
/campaigns/inside-venture-capital-2017-07-19-2630,/campaigns/inside-venture-capital-2017-07-19-2630
/campaigns/inside-venture-capital-2017-07-18-2619,/campaigns/inside-venture-capital-2017-07-18-2619
/campaigns/inside-venture-capital-2017-07-16-2583,/campaigns/inside-venture-capital-2017-07-16-2583
/campaigns/inside-venture-capital-2017-07-13-2562,/campaigns/inside-venture-capital-2017-07-13-2562
/campaigns/inside-venture-capital-2017-07-11-2525,/campaigns/inside-venture-capital-2017-07-11-2525
/campaigns/inside-venture-capital-2017-07-09-2502,/campaigns/inside-venture-capital-2017-07-09-2502
/campaigns/inside-venture-capital-2017-07-06-2481,/campaigns/inside-venture-capital-2017-07-06-2481
/campaigns/inside-venture-capital-2017-07-02-2431,/campaigns/inside-venture-capital-2017-07-02-2431
/campaigns/inside-venture-capital-2017-06-29-2380,/campaigns/inside-venture-capital-2017-06-29-2380
/campaigns/inside-venture-capital-2017-06-25-2357,/campaigns/inside-venture-capital-2017-06-25-2357
/campaigns/inside-venture-capital-2017-06-22-2333,/campaigns/inside-venture-capital-2017-06-22-2333
/campaigns/inside-venture-capital-2017-06-20-2312,/campaigns/inside-venture-capital-2017-06-20-2312
/campaigns/inside-venture-capital-2017-06-18-2281,/campaigns/inside-venture-capital-2017-06-18-2281
/campaigns/inside-venture-capital-2017-06-15-2257,/campaigns/inside-venture-capital-2017-06-15-2257
/campaigns/inside-venture-capital-2017-06-13-2228,/campaigns/inside-venture-capital-2017-06-13-2228
/campaigns/inside-venture-capital-2017-06-11-2204,/campaigns/inside-venture-capital-2017-06-11-2204
/campaigns/inside-venture-capital-2017-06-08-2182,/campaigns/inside-venture-capital-2017-06-08-2182
/campaigns/inside-venture-capital-2017-06-06-2162,/campaigns/inside-venture-capital-2017-06-06-2162
/campaigns/inside-venture-capital-2017-06-05-2135,/campaigns/inside-venture-capital-2017-06-05-2135
/campaigns/inside-venture-capital-2017-06-01-2115,/campaigns/inside-venture-capital-2017-06-01-2115
/campaigns/inside-venture-capital-2017-05-30-2089,/campaigns/inside-venture-capital-2017-05-30-2089
/campaigns/inside-venture-capital-2017-05-28-2068,/campaigns/inside-venture-capital-2017-05-28-2068
/campaigns/inside-venture-capital-2017-05-25-2046,/campaigns/inside-venture-capital-2017-05-25-2046
/campaigns/inside-venture-capital-2017-05-23-2024,/campaigns/inside-venture-capital-2017-05-23-2024
/campaigns/inside-venture-capital-2017-05-21-2002,/campaigns/inside-venture-capital-2017-05-21-2002
/campaigns/inside-venture-capital-2017-05-18-1981,/campaigns/inside-venture-capital-2017-05-18-1981
/campaigns/inside-venture-capital-2017-05-16-1957,/campaigns/inside-venture-capital-2017-05-16-1957
/campaigns/inside-venture-capital-2017-05-14-1935,/campaigns/inside-venture-capital-2017-05-14-1935
/campaigns/inside-venture-capital-2017-05-11-1913,/campaigns/inside-venture-capital-2017-05-11-1913
/campaigns/inside-venture-capital-2017-05-09-1892,/campaigns/inside-venture-capital-2017-05-09-1892
/campaigns/inside-venture-capital-2017-05-07-1871,/campaigns/inside-venture-capital-2017-05-07-1871
/campaigns/inside-venture-capital-2017-05-04-1851,/campaigns/inside-venture-capital-2017-05-04-1851
/campaigns/inside-venture-capital-2017-05-02-1826,/campaigns/inside-venture-capital-2017-05-02-1826
/campaigns/inside-venture-capital-2017-04-30-1807,/campaigns/inside-venture-capital-2017-04-30-1807
/campaigns/inside-venture-capital-2017-04-27-1786,/campaigns/inside-venture-capital-2017-04-27-1786
/campaigns/inside-venture-capital-2017-04-25-1769,/campaigns/inside-venture-capital-2017-04-25-1769
/campaigns/inside-venture-capital-2017-04-23-1748,/campaigns/inside-venture-capital-2017-04-23-1748
/campaigns/inside-venture-capital-2017-04-20-1728,/campaigns/inside-venture-capital-2017-04-20-1728
/campaigns/inside-venture-capital-2017-04-18-1710,/campaigns/inside-venture-capital-2017-04-18-1710
/campaigns/inside-venture-capital-2017-04-13-1670,/campaigns/inside-venture-capital-2017-04-13-1670
/campaigns/inside-venture-capital-2017-04-11-1646,/campaigns/inside-venture-capital-2017-04-11-1646
/campaigns/inside-venture-capital-2017-04-09-1627,/campaigns/inside-venture-capital-2017-04-09-1627
/campaigns/inside-venture-capital-2017-04-06-1609,/campaigns/inside-venture-capital-2017-04-06-1609
/campaigns/inside-venture-capital-2017-04-04-1591,/campaigns/inside-venture-capital-2017-04-04-1591
/campaigns/inside-venture-capital-2017-04-02-1570,/campaigns/inside-venture-capital-2017-04-02-1570
/campaigns/inside-venture-capital-2017-03-30-1549,/campaigns/inside-venture-capital-2017-03-30-1549
/campaigns/inside-venture-capital-2017-03-28-1533,/campaigns/inside-venture-capital-2017-03-28-1533
/campaigns/inside-venture-capital-2017-03-26-1510,/campaigns/inside-venture-capital-2017-03-26-1510
/campaigns/inside-venture-capital-2017-03-23-1496,/campaigns/inside-venture-capital-2017-03-23-1496
/campaigns/inside-venture-capital-2017-03-21-1480,/campaigns/inside-venture-capital-2017-03-21-1480
/campaigns/inside-venture-capital-2017-03-19-1457,/campaigns/inside-venture-capital-2017-03-19-1457
/campaigns/inside-venture-capital-2017-03-16-1444,/campaigns/inside-venture-capital-2017-03-16-1444
/campaigns/inside-venture-capital-2017-03-14-1419,/campaigns/inside-venture-capital-2017-03-14-1419
/campaigns/inside-venture-capital-2017-03-12-1376,/campaigns/inside-venture-capital-2017-03-12-1376
/campaigns/inside-venture-capital-2017-03-09-1388,/campaigns/inside-venture-capital-2017-03-09-1388
/campaigns/inside-venture-capital-2017-03-07-1347,/campaigns/inside-venture-capital-2017-03-07-1347
/campaigns/inside-venture-capital-2017-03-05-1326,/campaigns/inside-venture-capital-2017-03-05-1326
/campaigns/inside-venture-capital-2017-03-02-1311,/campaigns/inside-venture-capital-2017-03-02-1311
/campaigns/inside-venture-capital-2017-02-28-1293,/campaigns/inside-venture-capital-2017-02-28-1293
/campaigns/inside-venture-capital-2017-02-26-1272,/campaigns/inside-venture-capital-2017-02-26-1272
/campaigns/inside-venture-capital-2017-02-23-1258,/campaigns/inside-venture-capital-2017-02-23-1258
/campaigns/inside-venture-capital-2017-02-21-1239,/campaigns/inside-venture-capital-2017-02-21-1239
/campaigns/inside-venture-capital-2017-02-19-1224,/campaigns/inside-venture-capital-2017-02-19-1224
/campaigns/inside-venture-capital-2017-02-16-1206,/campaigns/inside-venture-capital-2017-02-16-1206
/campaigns/inside-venture-capital-2017-02-14-1188,/campaigns/inside-venture-capital-2017-02-14-1188
/campaigns/inside-venture-capital-2017-02-12-1173,/campaigns/inside-venture-capital-2017-02-12-1173
/campaigns/inside-venture-capital-2017-02-09-1158,/campaigns/inside-venture-capital-2017-02-09-1158
/campaigns/inside-venture-capital-2017-02-07-1140,/campaigns/inside-venture-capital-2017-02-07-1140
/campaigns/inside-venture-capital-2017-01-24-1101,/campaigns/inside-venture-capital-2017-01-24-1101
/campaigns/inside-venture-capital-2017-01-22-1085,/campaigns/inside-venture-capital-2017-01-22-1085
/campaigns/inside-venture-capital-2017-01-19-1071,/campaigns/inside-venture-capital-2017-01-19-1071
/campaigns/inside-venture-capital-2017-01-17-1057,/campaigns/inside-venture-capital-2017-01-17-1057
/campaigns/inside-venture-capital-2017-01-15-1042,/campaigns/inside-venture-capital-2017-01-15-1042
/campaigns/inside-venture-capital-2017-01-12-1028,/campaigns/inside-venture-capital-2017-01-12-1028
/campaigns/inside-venture-capital-2017-01-10-1010,/campaigns/inside-venture-capital-2017-01-10-1010
/campaigns/inside-venture-capital-2017-01-08-997,/campaigns/inside-venture-capital-2017-01-08-997
/campaigns/inside-venture-capital-2017-01-05-985,/campaigns/inside-venture-capital-2017-01-05-985
/campaigns/inside-venture-capital-2017-01-03-974,/campaigns/inside-venture-capital-2017-01-03-974
/campaigns/inside-venture-capital-2016-12-29-951,/campaigns/inside-venture-capital-2016-12-29-951
/campaigns/inside-venture-capital-2016-12-27-939,/campaigns/inside-venture-capital-2016-12-27-939
/campaigns/inside-venture-capital-2016-12-22-919,/campaigns/inside-venture-capital-2016-12-22-919
/campaigns/inside-venture-capital-2016-12-20-906,/campaigns/inside-venture-capital-2016-12-20-906
/campaigns/inside-venture-capital-2016-12-18-893,/campaigns/inside-venture-capital-2016-12-18-893
/campaigns/inside-venture-capital-2016-12-15-879,/campaigns/inside-venture-capital-2016-12-15-879
/campaigns/inside-venture-capital-2016-12-13-868,/campaigns/inside-venture-capital-2016-12-13-868
/campaigns/inside-venture-capital-2016-12-11-855,/campaigns/inside-venture-capital-2016-12-11-855
/campaigns/inside-venture-capital-2016-12-08-843,/campaigns/inside-venture-capital-2016-12-08-843
/campaigns/inside-venture-capital-2016-12-06-828,/campaigns/inside-venture-capital-2016-12-06-828
/campaigns/inside-venture-capital-2016-12-04-815,/campaigns/inside-venture-capital-2016-12-04-815
/campaigns/inside-venture-capital-2016-12-01-797,/campaigns/inside-venture-capital-2016-12-01-797
/campaigns/inside-venture-capital-2016-11-29-786,/campaigns/inside-venture-capital-2016-11-29-786
/campaigns/inside-venture-capital-2016-11-22-761,/campaigns/inside-venture-capital-2016-11-22-761
/campaigns/inside-venture-capital-2016-11-20-748,/campaigns/inside-venture-capital-2016-11-20-748
/campaigns/inside-venture-capital-2016-11-18-741,/campaigns/inside-venture-capital-2016-11-18-741
/campaigns/inside-venture-capital-2016-11-15-724,/campaigns/inside-venture-capital-2016-11-15-724
/campaigns/inside-venture-capital-2016-11-10-703,/campaigns/inside-venture-capital-2016-11-10-703
/campaigns/inside-venture-capital-2016-11-06-679,/campaigns/inside-venture-capital-2016-11-06-679
/campaigns/inside-venture-capital-2016-11-03-669,/campaigns/inside-venture-capital-2016-11-03-669
/campaigns/inside-venture-capital-2016-11-01-657,/campaigns/inside-venture-capital-2016-11-01-657
