Title,Location,Date
Software Developer,"Sunnyvale, CA", 8 days ago
Software Engineer,"Irving, TX", 12 days ago
Support Planner,"Charlotte, NC", 4 days ago
Business Operations Manager,"Brea, CA", 25 days ago
Consultant,"Austin, TX", 30+ days ago
Principal Software Development Engineer,"Frisco, TX", 23 days ago
Services Advisor,"Sunnyvale, CA", 8 days ago
Software Engineer 2,"Issaquah, WA", 17 days ago
Content Moderator,"Orlando, FL", 19 days ago
Business Expert - Mall at Millenia,"Redmond, WA", 11 days ago
Business Administrator,"Denver, CO", 20 days ago
Account Executive,"Tampa, FL", 19 days ago
Technical Account Manager,"Reno, NV", 30+ days ago
Business Operations Analyst,"Fargo, ND", 11 days ago
Operations Program Manager,"Atlanta, GA", 23 days ago
Solution Specialist,"Pittsburgh, PA", 10 days ago
Software Engineer II,"Atlanta, GA", 19 days ago
Cloud Solution Architect,"Sunnyvale, CA", 19 days ago
Senior Software Engineer,"Scottsdale, AZ", 19 days ago
Product Advisor - Scottsdale Fashion Square (Part-Time,"Seattle, WA", 24 days ago
CTO - Technical Advisor,"Chicago, IL", 11 days ago
Account Manager,"Redmond, WA", 11 days ago
Service Engineer 2,"Dallas, TX", 1 days ago
Technology Solutions Professional,"Sunnyvale, CA", 11 days ago
Principal Program Manager,"Houston, TX", 30+ days ago
Services Advisor - Houston Galleria,"Sacramento, CA", 23 days ago
PFE,"Chicago, IL", 19 days ago
Regional Education Manager - Computer Science,"New York, NY", 23 days ago
Business Expert - 5th Ave (Full-time),"Seattle, WA", 9 days ago
Gaming Expert - University Village,"Houston, TX", 11 days ago
Support Engineer,"Los Angeles, CA", 30+ days ago
"Strategic Sales Manager, Microsoft Advertising","San Antonio, TX", 11 days ago
Datacenter Operations Manager,"Irvine, CA", 19 days ago
Cloud Solution Architect - Azure Infrastructure,"Orlando, FL", 10 days ago
Cloud Solution Architect - Azure App Dev,"Charlotte, NC", 11 days ago
Support Eng,"New York, NY", 30+ days ago
Sr Industry Solutions Mgr,"Irving, TX", 30+ days ago
Technology Solution Specialist - Azure Stack,"Washington, DC", 22 days ago
Corporate Strategy & Development Manager,"Washington, DC", 13 days ago
